x	y
0.0309341927182136	0.285977846575049
0.0255733800099587	0.231724156500247
0.0359023897655322	0.343688818639598
-0.00122851195265138	0.00904838155373483
0.00184976406381023	0.0137501727954352
0.03663599885933	0.358301905154025
0.0565603726296017	0.628988734887707
-1.03028665631297	13.0121568711332
-1.03683422064947	13.4419959413254
-1.03806069401959	13.1643382881782
-1.00805184170639	12.9287475427144
-1.05863678829978	13.6084665669367
-1.00078840572074	12.9936034692373
-1.04512884321712	13.4893150765271
-1.0292798773831	12.8636964623392
-1.03295578840517	13.1252784329977
-1.04272266976981	12.9154581238215
-1.03787740099435	13.2565743233449
-1.03512721942213	12.9362209763451
-1.07374522544735	13.5278991424441
-1.00679165267881	13.0212440206282
-0.995984068677086	12.5590844898553
-1.04729352462504	13.2293895077238
-1.03921606174026	13.2095221445896
-1.02490480790862	13.0330466856463
-1.03090797457823	12.9849315193857
-1.0700898802619	13.5811993052042
-1.04689595787373	12.8502530699856
-1.04509116859055	13.6005445710305
-1.04183878240951	12.9767287182117
-0.0040993761660761	0.0299958545626553
0.0172446003915625	0.1444997119196
0.0109433828198012	0.0887824225951865
0.0108881619406557	0.0877397849286872
0.0215438533913697	0.187320352635666
-0.00569553684066345	0.0436361547471296
