group	fill	x	y	clickSelects
781	#FFFFFF	-5.45	0	30
781	#FFFFFF	-5	0.45	30
781	#FFFFFF	-4.55	0	30
781	#FFFFFF	-5	-0.45	30
781	#FFFFFF	-5.45	0	30
654	#FFFFFF	-4.95	0.5	1
654	#FFFFFF	-4.5	0.95	1
654	#FFFFFF	-4.05	0.5	1
654	#FFFFFF	-4.5	0.05	1
654	#FFFFFF	-4.95	0.5	1
653	#FFFFFF	-4.45	1	2
653	#FFFFFF	-4	1.45	2
653	#FFFFFF	-3.55	1	2
653	#FFFFFF	-4	0.55	2
653	#FFFFFF	-4.45	1	2
293	#FFFFFF	-3.95	1.5	2
293	#FFFFFF	-3.5	1.95	2
293	#FFFFFF	-3.05	1.5	2
293	#FFFFFF	-3.5	1.05	2
293	#FFFFFF	-3.95	1.5	2
291	#FFFFFF	-3.45	2	2
291	#FFFFFF	-3	2.45	2
291	#FFFFFF	-2.55	2	2
291	#FFFFFF	-3	1.55	2
291	#FFFFFF	-3.45	2	2
58	#FFFFFF	-2.95	2.5	2
58	#FFFFFF	-2.5	2.95	2
58	#FFFFFF	-2.05	2.5	2
58	#FFFFFF	-2.5	2.05	2
58	#FFFFFF	-2.95	2.5	2
10	#FFFFFF	-1.95	3.5	21
10	#FFFFFF	-1.5	3.95	21
10	#FFFFFF	-1.05	3.5	21
10	#FFFFFF	-1.5	3.05	21
10	#FFFFFF	-1.95	3.5	21
7	#FFFFFF	-1.45	4	6
7	#FFFFFF	-1	4.45	6
7	#FFFFFF	-0.55	4	6
7	#FFFFFF	-1	3.55	6
7	#FFFFFF	-1.45	4	6
4	#FFFFFF	-0.95	4.5	6
4	#FFFFFF	-0.5	4.95	6
4	#FFFFFF	-0.05	4.5	6
4	#FFFFFF	-0.5	4.05	6
4	#FFFFFF	-0.95	4.5	6
786	#FFFFFF	-0.45	5	6
786	#FFFFFF	0	5.45	6
786	#FFFFFF	0.45	5	6
786	#FFFFFF	0	4.55	6
786	#FFFFFF	-0.45	5	6
791	#FFFFFF	0.05	5.5	6
791	#FFFFFF	0.5	5.95	6
791	#FFFFFF	0.95	5.5	6
791	#FFFFFF	0.5	5.05	6
791	#FFFFFF	0.05	5.5	6
797	#FFFFFF	0.55	6	6
797	#FFFFFF	1	6.45	6
797	#FFFFFF	1.45	6	6
797	#FFFFFF	1	5.55	6
797	#FFFFFF	0.55	6	6
803	#FFFFFF	1.05	6.5	6
803	#FFFFFF	1.5	6.95	6
803	#FFFFFF	1.95	6.5	6
803	#FFFFFF	1.5	6.05	6
803	#FFFFFF	1.05	6.5	6
810	#FFFFFF	1.55	7	6
810	#FFFFFF	2	7.45	6
810	#FFFFFF	2.45	7	6
810	#FFFFFF	2	6.55	6
810	#FFFFFF	1.55	7	6
817	#FFFFFF	2.05	7.5	6
817	#FFFFFF	2.5	7.95	6
817	#FFFFFF	2.95	7.5	6
817	#FFFFFF	2.5	7.05	6
817	#FFFFFF	2.05	7.5	6
825	#FFFFFF	2.55	8	6
825	#FFFFFF	3	8.45	6
825	#FFFFFF	3.45	8	6
825	#FFFFFF	3	7.55	6
825	#FFFFFF	2.55	8	6
833	#FFFFFF	3.05	8.5	6
833	#FFFFFF	3.5	8.95	6
833	#FFFFFF	3.95	8.5	6
833	#FFFFFF	3.5	8.05	6
833	#FFFFFF	3.05	8.5	6
842	#FFFFFF	3.55	9	6
842	#FFFFFF	4	9.45	6
842	#FFFFFF	4.45	9	6
842	#FFFFFF	4	8.55	6
842	#FFFFFF	3.55	9	6
851	#FFFFFF	4.05	9.5	6
851	#FFFFFF	4.5	9.95	6
851	#FFFFFF	4.95	9.5	6
851	#FFFFFF	4.5	9.05	6
851	#FFFFFF	4.05	9.5	6
854	#FFFFFF	4.55	10	12
854	#FFFFFF	5	10.45	12
854	#FFFFFF	5.45	10	12
854	#FFFFFF	5	9.55	12
854	#FFFFFF	4.55	10	12
652	#FFFFFF	-4.45	0	1
652	#FFFFFF	-4	0.45	1
652	#FFFFFF	-3.55	0	1
652	#FFFFFF	-4	-0.45	1
652	#FFFFFF	-4.45	0	1
292	#FFFFFF	-3.95	0.5	1
292	#FFFFFF	-3.5	0.95	1
292	#FFFFFF	-3.05	0.5	1
292	#FFFFFF	-3.5	0.05	1
292	#FFFFFF	-3.95	0.5	1
290	#FFFFFF	-3.45	1	1
290	#FFFFFF	-3	1.45	1
290	#FFFFFF	-2.55	1	1
290	#FFFFFF	-3	0.55	1
290	#FFFFFF	-3.45	1	1
57	#FFFFFF	-2.95	1.5	1
57	#FFFFFF	-2.5	1.95	1
57	#FFFFFF	-2.05	1.5	1
57	#FFFFFF	-2.5	1.05	1
57	#FFFFFF	-2.95	1.5	1
55	#FFFFFF	-2.45	2	1
55	#FFFFFF	-2	2.45	1
55	#FFFFFF	-1.55	2	1
55	#FFFFFF	-2	1.55	1
55	#FFFFFF	-2.45	2	1
3	#FFFFFF	-0.95	3.5	6
3	#FFFFFF	-0.5	3.95	6
3	#FFFFFF	-0.05	3.5	6
3	#FFFFFF	-0.5	3.05	6
3	#FFFFFF	-0.95	3.5	6
785	#FFFFFF	-0.45	4	6
785	#FFFFFF	0	4.45	6
785	#FFFFFF	0.45	4	6
785	#FFFFFF	0	3.55	6
785	#FFFFFF	-0.45	4	6
790	#FFFFFF	0.05	4.5	6
790	#FFFFFF	0.5	4.95	6
790	#FFFFFF	0.95	4.5	6
790	#FFFFFF	0.5	4.05	6
790	#FFFFFF	0.05	4.5	6
796	#FFFFFF	0.55	5	6
796	#FFFFFF	1	5.45	6
796	#FFFFFF	1.45	5	6
796	#FFFFFF	1	4.55	6
796	#FFFFFF	0.55	5	6
802	#FFFFFF	1.05	5.5	6
802	#FFFFFF	1.5	5.95	6
802	#FFFFFF	1.95	5.5	6
802	#FFFFFF	1.5	5.05	6
802	#FFFFFF	1.05	5.5	6
809	#FFFFFF	1.55	6	14
809	#FFFFFF	2	6.45	14
809	#FFFFFF	2.45	6	14
809	#FFFFFF	2	5.55	14
809	#FFFFFF	1.55	6	14
816	#FFFFFF	2.05	6.5	14
816	#FFFFFF	2.5	6.95	14
816	#FFFFFF	2.95	6.5	14
816	#FFFFFF	2.5	6.05	14
816	#FFFFFF	2.05	6.5	14
824	#FFFFFF	2.55	7	14
824	#FFFFFF	3	7.45	14
824	#FFFFFF	3.45	7	14
824	#FFFFFF	3	6.55	14
824	#FFFFFF	2.55	7	14
832	#FFFFFF	3.05	7.5	14
832	#FFFFFF	3.5	7.95	14
832	#FFFFFF	3.95	7.5	14
832	#FFFFFF	3.5	7.05	14
832	#FFFFFF	3.05	7.5	14
841	#FFFFFF	3.55	8	14
841	#FFFFFF	4	8.45	14
841	#FFFFFF	4.45	8	14
841	#FFFFFF	4	7.55	14
841	#FFFFFF	3.55	8	14
850	#FFFFFF	4.05	8.5	14
850	#FFFFFF	4.5	8.95	14
850	#FFFFFF	4.95	8.5	14
850	#FFFFFF	4.5	8.05	14
850	#FFFFFF	4.05	8.5	14
861	#FFFFFF	4.55	9	14
861	#FFFFFF	5	9.45	14
861	#FFFFFF	5.45	9	14
861	#FFFFFF	5	8.55	14
861	#FFFFFF	4.55	9	14
289	#FFFFFF	-3.45	0	17
289	#FFFFFF	-3	0.45	17
289	#FFFFFF	-2.55	0	17
289	#FFFFFF	-3	-0.45	17
289	#FFFFFF	-3.45	0	17
56	#FFFFFF	-2.95	0.5	17
56	#FFFFFF	-2.5	0.95	17
56	#FFFFFF	-2.05	0.5	17
56	#FFFFFF	-2.5	0.05	17
56	#FFFFFF	-2.95	0.5	17
54	#FFFFFF	-2.45	1	17
54	#FFFFFF	-2	1.45	17
54	#FFFFFF	-1.55	1	17
54	#FFFFFF	-2	0.55	17
54	#FFFFFF	-2.45	1	17
9	#FFFFFF	-1.95	1.5	17
9	#FFFFFF	-1.5	1.95	17
9	#FFFFFF	-1.05	1.5	17
9	#FFFFFF	-1.5	1.05	17
9	#FFFFFF	-1.95	1.5	17
2	#FFFFFF	-0.95	2.5	21
2	#FFFFFF	-0.5	2.95	21
2	#FFFFFF	-0.05	2.5	21
2	#FFFFFF	-0.5	2.05	21
2	#FFFFFF	-0.95	2.5	21
784	#FFFFFF	-0.45	3	6
784	#FFFFFF	0	3.45	6
784	#FFFFFF	0.45	3	6
784	#FFFFFF	0	2.55	6
784	#FFFFFF	-0.45	3	6
789	#FFFFFF	0.05	3.5	6
789	#FFFFFF	0.5	3.95	6
789	#FFFFFF	0.95	3.5	6
789	#FFFFFF	0.5	3.05	6
789	#FFFFFF	0.05	3.5	6
795	#FFFFFF	0.55	4	6
795	#FFFFFF	1	4.45	6
795	#FFFFFF	1.45	4	6
795	#FFFFFF	1	3.55	6
795	#FFFFFF	0.55	4	6
801	#FFFFFF	1.05	4.5	6
801	#FFFFFF	1.5	4.95	6
801	#FFFFFF	1.95	4.5	6
801	#FFFFFF	1.5	4.05	6
801	#FFFFFF	1.05	4.5	6
808	#FFFFFF	1.55	5	6
808	#FFFFFF	2	5.45	6
808	#FFFFFF	2.45	5	6
808	#FFFFFF	2	4.55	6
808	#FFFFFF	1.55	5	6
815	#FFFFFF	2.05	5.5	6
815	#FFFFFF	2.5	5.95	6
815	#FFFFFF	2.95	5.5	6
815	#FFFFFF	2.5	5.05	6
815	#FFFFFF	2.05	5.5	6
823	#FFFFFF	2.55	6	6
823	#FFFFFF	3	6.45	6
823	#FFFFFF	3.45	6	6
823	#FFFFFF	3	5.55	6
823	#FFFFFF	2.55	6	6
831	#FFFFFF	3.05	6.5	6
831	#FFFFFF	3.5	6.95	6
831	#FFFFFF	3.95	6.5	6
831	#FFFFFF	3.5	6.05	6
831	#FFFFFF	3.05	6.5	6
840	#FFFFFF	3.55	7	6
840	#FFFFFF	4	7.45	6
840	#FFFFFF	4.45	7	6
840	#FFFFFF	4	6.55	6
840	#FFFFFF	3.55	7	6
849	#FFFFFF	4.05	7.5	6
849	#FFFFFF	4.5	7.95	6
849	#FFFFFF	4.95	7.5	6
849	#FFFFFF	4.5	7.05	6
849	#FFFFFF	4.05	7.5	6
860	#FFFFFF	4.55	8	6
860	#FFFFFF	5	8.45	6
860	#FFFFFF	5.45	8	6
860	#FFFFFF	5	7.55	6
860	#FFFFFF	4.55	8	6
53	#FFFFFF	-2.45	0	17
53	#FFFFFF	-2	0.45	17
53	#FFFFFF	-1.55	0	17
53	#FFFFFF	-2	-0.45	17
53	#FFFFFF	-2.45	0	17
8	#FFFFFF	-1.95	0.5	17
8	#FFFFFF	-1.5	0.95	17
8	#FFFFFF	-1.05	0.5	17
8	#FFFFFF	-1.5	0.05	17
8	#FFFFFF	-1.95	0.5	17
6	#FFFFFF	-1.45	1	17
6	#FFFFFF	-1	1.45	17
6	#FFFFFF	-0.55	1	17
6	#FFFFFF	-1	0.55	17
6	#FFFFFF	-1.45	1	17
783	#FFFFFF	-0.45	2	21
783	#FFFFFF	0	2.45	21
783	#FFFFFF	0.45	2	21
783	#FFFFFF	0	1.55	21
783	#FFFFFF	-0.45	2	21
788	#FFFFFF	0.05	2.5	6
788	#FFFFFF	0.5	2.95	6
788	#FFFFFF	0.95	2.5	6
788	#FFFFFF	0.5	2.05	6
788	#FFFFFF	0.05	2.5	6
794	#FFFFFF	0.55	3	6
794	#FFFFFF	1	3.45	6
794	#FFFFFF	1.45	3	6
794	#FFFFFF	1	2.55	6
794	#FFFFFF	0.55	3	6
800	#FFFFFF	1.05	3.5	6
800	#FFFFFF	1.5	3.95	6
800	#FFFFFF	1.95	3.5	6
800	#FFFFFF	1.5	3.05	6
800	#FFFFFF	1.05	3.5	6
807	#FFFFFF	1.55	4	6
807	#FFFFFF	2	4.45	6
807	#FFFFFF	2.45	4	6
807	#FFFFFF	2	3.55	6
807	#FFFFFF	1.55	4	6
814	#FFFFFF	2.05	4.5	6
814	#FFFFFF	2.5	4.95	6
814	#FFFFFF	2.95	4.5	6
814	#FFFFFF	2.5	4.05	6
814	#FFFFFF	2.05	4.5	6
822	#FFFFFF	2.55	5	6
822	#FFFFFF	3	5.45	6
822	#FFFFFF	3.45	5	6
822	#FFFFFF	3	4.55	6
822	#FFFFFF	2.55	5	6
830	#FFFFFF	3.05	5.5	6
830	#FFFFFF	3.5	5.95	6
830	#FFFFFF	3.95	5.5	6
830	#FFFFFF	3.5	5.05	6
830	#FFFFFF	3.05	5.5	6
839	#FFFFFF	3.55	6	6
839	#FFFFFF	4	6.45	6
839	#FFFFFF	4.45	6	6
839	#FFFFFF	4	5.55	6
839	#FFFFFF	3.55	6	6
848	#FFFFFF	4.05	6.5	6
848	#FFFFFF	4.5	6.95	6
848	#FFFFFF	4.95	6.5	6
848	#FFFFFF	4.5	6.05	6
848	#FFFFFF	4.05	6.5	6
859	#FFFFFF	4.55	7	6
859	#FFFFFF	5	7.45	6
859	#FFFFFF	5.45	7	6
859	#FFFFFF	5	6.55	6
859	#FFFFFF	4.55	7	6
5	#CD1076	-1.45	0	18
5	#CD1076	-1	0.45	18
5	#CD1076	-0.55	0	18
5	#CD1076	-1	-0.45	18
5	#CD1076	-1.45	0	18
1	#CD1076	-0.95	0.5	18
1	#CD1076	-0.5	0.95	18
1	#CD1076	-0.05	0.5	18
1	#CD1076	-0.5	0.05	18
1	#CD1076	-0.95	0.5	18
787	#CD1076	0.05	1.5	27
787	#CD1076	0.5	1.95	27
787	#CD1076	0.95	1.5	27
787	#CD1076	0.5	1.05	27
787	#CD1076	0.05	1.5	27
793	#CD1076	0.55	2	34
793	#CD1076	1	2.45	34
793	#CD1076	1.45	2	34
793	#CD1076	1	1.55	34
793	#CD1076	0.55	2	34
799	#CD1076	1.05	2.5	34
799	#CD1076	1.5	2.95	34
799	#CD1076	1.95	2.5	34
799	#CD1076	1.5	2.05	34
799	#CD1076	1.05	2.5	34
806	#CD1076	1.55	3	34
806	#CD1076	2	3.45	34
806	#CD1076	2.45	3	34
806	#CD1076	2	2.55	34
806	#CD1076	1.55	3	34
813	#CD1076	2.05	3.5	34
813	#CD1076	2.5	3.95	34
813	#CD1076	2.95	3.5	34
813	#CD1076	2.5	3.05	34
813	#CD1076	2.05	3.5	34
821	#CD1076	2.55	4	34
821	#CD1076	3	4.45	34
821	#CD1076	3.45	4	34
821	#CD1076	3	3.55	34
821	#CD1076	2.55	4	34
829	#CD1076	3.05	4.5	34
829	#CD1076	3.5	4.95	34
829	#CD1076	3.95	4.5	34
829	#CD1076	3.5	4.05	34
829	#CD1076	3.05	4.5	34
838	#FFFFFF	3.55	5	13
838	#FFFFFF	4	5.45	13
838	#FFFFFF	4.45	5	13
838	#FFFFFF	4	4.55	13
838	#FFFFFF	3.55	5	13
847	#FFFFFF	4.05	5.5	13
847	#FFFFFF	4.5	5.95	13
847	#FFFFFF	4.95	5.5	13
847	#FFFFFF	4.5	5.05	13
847	#FFFFFF	4.05	5.5	13
858	#FFFFFF	4.55	6	13
858	#FFFFFF	5	6.45	13
858	#FFFFFF	5.45	6	13
858	#FFFFFF	5	5.55	13
858	#FFFFFF	4.55	6	13
782	#CD1076	-0.45	0	18
782	#CD1076	0	0.45	18
782	#CD1076	0.45	0	18
782	#CD1076	0	-0.45	18
782	#CD1076	-0.45	0	18
792	#CD1076	0.55	1	27
792	#CD1076	1	1.45	27
792	#CD1076	1.45	1	27
792	#CD1076	1	0.55	27
792	#CD1076	0.55	1	27
798	#CD1076	1.05	1.5	34
798	#CD1076	1.5	1.95	34
798	#CD1076	1.95	1.5	34
798	#CD1076	1.5	1.05	34
798	#CD1076	1.05	1.5	34
805	#CD1076	1.55	2	34
805	#CD1076	2	2.45	34
805	#CD1076	2.45	2	34
805	#CD1076	2	1.55	34
805	#CD1076	1.55	2	34
812	#CD1076	2.05	2.5	34
812	#CD1076	2.5	2.95	34
812	#CD1076	2.95	2.5	34
812	#CD1076	2.5	2.05	34
812	#CD1076	2.05	2.5	34
820	#CD1076	2.55	3	34
820	#CD1076	3	3.45	34
820	#CD1076	3.45	3	34
820	#CD1076	3	2.55	34
820	#CD1076	2.55	3	34
828	#CD1076	3.05	3.5	34
828	#CD1076	3.5	3.95	34
828	#CD1076	3.95	3.5	34
828	#CD1076	3.5	3.05	34
828	#CD1076	3.05	3.5	34
837	#CD1076	3.55	4	34
837	#CD1076	4	4.45	34
837	#CD1076	4.45	4	34
837	#CD1076	4	3.55	34
837	#CD1076	3.55	4	34
846	#FFFFFF	4.05	4.5	13
846	#FFFFFF	4.5	4.95	13
846	#FFFFFF	4.95	4.5	13
846	#FFFFFF	4.5	4.05	13
846	#FFFFFF	4.05	4.5	13
857	#FFFFFF	4.55	5	13
857	#FFFFFF	5	5.45	13
857	#FFFFFF	5.45	5	13
857	#FFFFFF	5	4.55	13
857	#FFFFFF	4.55	5	13
804	#CD1076	1.55	0	27
804	#CD1076	2	0.45	27
804	#CD1076	2.45	0	27
804	#CD1076	2	-0.45	27
804	#CD1076	1.55	0	27
811	#CD1076	2.05	0.5	34
811	#CD1076	2.5	0.95	34
811	#CD1076	2.95	0.5	34
811	#CD1076	2.5	0.05	34
811	#CD1076	2.05	0.5	34
819	#FBDDE7	2.55	1	33
819	#FBDDE7	3	1.45	33
819	#FBDDE7	3.45	1	33
819	#FBDDE7	3	0.55	33
819	#FBDDE7	2.55	1	33
827	#FBDDE7	3.05	1.5	33
827	#FBDDE7	3.5	1.95	33
827	#FBDDE7	3.95	1.5	33
827	#FBDDE7	3.5	1.05	33
827	#FBDDE7	3.05	1.5	33
836	#FBDDE7	3.55	2	33
836	#FBDDE7	4	2.45	33
836	#FBDDE7	4.45	2	33
836	#FBDDE7	4	1.55	33
836	#FBDDE7	3.55	2	33
845	#FBDDE7	4.05	2.5	33
845	#FBDDE7	4.5	2.95	33
845	#FBDDE7	4.95	2.5	33
845	#FBDDE7	4.5	2.05	33
845	#FBDDE7	4.05	2.5	33
856	#FBDDE7	4.55	3	33
856	#FBDDE7	5	3.45	33
856	#FBDDE7	5.45	3	33
856	#FBDDE7	5	2.55	33
856	#FBDDE7	4.55	3	33
818	#CD1076	2.55	0	9
818	#CD1076	3	0.45	9
818	#CD1076	3.45	0	9
818	#CD1076	3	-0.45	9
818	#CD1076	2.55	0	9
826	#CD1076	3.05	0.5	9
826	#CD1076	3.5	0.95	9
826	#CD1076	3.95	0.5	9
826	#CD1076	3.5	0.05	9
826	#CD1076	3.05	0.5	9
835	#CD1076	3.55	1	9
835	#CD1076	4	1.45	9
835	#CD1076	4.45	1	9
835	#CD1076	4	0.55	9
835	#CD1076	3.55	1	9
844	#CD1076	4.05	1.5	9
844	#CD1076	4.5	1.95	9
844	#CD1076	4.95	1.5	9
844	#CD1076	4.5	1.05	9
844	#CD1076	4.05	1.5	9
855	#CD1076	4.55	2	9
855	#CD1076	5	2.45	9
855	#CD1076	5.45	2	9
855	#CD1076	5	1.55	9
855	#CD1076	4.55	2	9
834	#E1699A	3.55	0	8
834	#E1699A	4	0.45	8
834	#E1699A	4.45	0	8
834	#E1699A	4	-0.45	8
834	#E1699A	3.55	0	8
843	#E1699A	4.05	0.5	8
843	#E1699A	4.5	0.95	8
843	#E1699A	4.95	0.5	8
843	#E1699A	4.5	0.05	8
843	#E1699A	4.05	0.5	8
853	#E1699A	4.55	1	8
853	#E1699A	5	1.45	8
853	#E1699A	5.45	1	8
853	#E1699A	5	0.55	8
853	#E1699A	4.55	1	8
852	#E1699A	4.55	0	8
852	#E1699A	5	0.45	8
852	#E1699A	5.45	0	8
852	#E1699A	5	-0.45	8
852	#E1699A	4.55	0	8
